<TextureAtlas imagePath="sprites.png">
	<SubTexture name="GUI-Kit-Pack-Free_01.png" x="773" y="947" width="7" height="47"/>
	<SubTexture name="GUI-Kit-Pack-Free_02.png" x="701" y="611" width="41" height="47"/>
	<SubTexture name="GUI-Kit-Pack-Free_03.png" x="771" y="531" width="7" height="47"/>
	<SubTexture name="GUI-Kit-Pack-Free_04.png" x="766" y="336" width="23" height="47"/>
	<SubTexture name="GUI-Kit-Pack-Free_05.png" x="624" y="720" width="57" height="55"/>
	<SubTexture name="GUI-Kit-Pack-Free_06.png" x="624" y="775" width="56" height="56"/>
	<SubTexture name="GUI-Kit-Pack-Free_07.png" x="0" y="445" width="624" height="624"/>
	<SubTexture name="GUI-Kit-Pack-Free_08.png" x="681" y="746" width="25" height="25"/>
	<SubTexture name="GUI-Kit-Pack-Free_09.png" x="742" y="613" width="24" height="25"/>
	<SubTexture name="GUI-Kit-Pack-Free_10.png" x="733" y="878" width="25" height="25"/>
	<SubTexture name="GUI-Kit-Pack-Free_11.png" x="624" y="289" width="265" height="47"/>
	<SubTexture name="GUI-Kit-Pack-Free_12.png" x="624" y="831" width="56" height="50"/>
	<SubTexture name="GUI-Kit-Pack-Free_13.png" x="624" y="881" width="56" height="55"/>
	<SubTexture name="GUI-Kit-Pack-Free_14.png" x="773" y="900" width="7" height="47"/>
	<SubTexture name="GUI-Kit-Pack-Free_15.png" x="732" y="952" width="41" height="47"/>
	<SubTexture name="GUI-Kit-Pack-Free_16.png" x="770" y="660" width="7" height="47"/>
	<SubTexture name="GUI-Kit-Pack-Free_17.png" x="754" y="484" width="23" height="47"/>
	<SubTexture name="GUI-Kit-Pack-Free_18.png" x="680" y="852" width="53" height="53"/>
	<SubTexture name="GUI-Kit-Pack-Free_19.png" x="732" y="999" width="36" height="52"/>
	<SubTexture name="GUI-Kit-Pack-Free_20.png" x="733" y="853" width="25" height="25"/>
	<SubTexture name="GUI-Kit-Pack-Free_21.png" x="735" y="713" width="24" height="25"/>
	<SubTexture name="GUI-Kit-Pack-Free_22.png" x="680" y="905" width="25" height="25"/>
	<SubTexture name="GUI-Kit-Pack-Free_23.png" x="624" y="242" width="265" height="47"/>
	<SubTexture name="GUI-Kit-Pack-Free_24.png" x="770" y="613" width="7" height="47"/>
	<SubTexture name="GUI-Kit-Pack-Free_25.png" x="732" y="905" width="41" height="47"/>
	<SubTexture name="GUI-Kit-Pack-Free_26.png" x="769" y="768" width="7" height="47"/>
	<SubTexture name="GUI-Kit-Pack-Free_27.png" x="758" y="853" width="23" height="47"/>
	<SubTexture name="GUI-Kit-Pack-Free_28.png" x="701" y="557" width="44" height="54"/>
	<SubTexture name="GUI-Kit-Pack-Free_29.png" x="706" y="746" width="25" height="25"/>
	<SubTexture name="GUI-Kit-Pack-Free_30.png" x="754" y="459" width="24" height="25"/>
	<SubTexture name="GUI-Kit-Pack-Free_31.png" x="705" y="905" width="25" height="25"/>
	<SubTexture name="GUI-Kit-Pack-Free_32.png" x="624" y="195" width="265" height="47"/>
	<SubTexture name="GUI-Kit-Pack-Free_33.png" x="678" y="1013" width="54" height="54"/>
	<SubTexture name="GUI-Kit-Pack-Free_34.png" x="733" y="802" width="36" height="51"/>
	<SubTexture name="GUI-Kit-Pack-Free_35.png" x="624" y="139" width="273" height="56"/>
	<SubTexture name="GUI-Kit-Pack-Free_36.png" x="624" y="936" width="54" height="54"/>
	<SubTexture name="GUI-Kit-Pack-Free_37.png" x="624" y="669" width="58" height="51"/>
	<SubTexture name="GUI-Kit-Pack-Free_38.png" x="624" y="616" width="77" height="53"/>
	<SubTexture name="GUI-Kit-Pack-Free_39.png" x="754" y="403" width="25" height="56"/>
	<SubTexture name="GUI-Kit-Pack-Free_40.png" x="733" y="746" width="36" height="56"/>
	<SubTexture name="GUI-Kit-Pack-Free_41.png" x="745" y="557" width="26" height="56"/>
	<SubTexture name="GUI-Kit-Pack-Free_42.png" x="624" y="457" width="77" height="53"/>
	<SubTexture name="GUI-Kit-Pack-Free_43.png" x="701" y="480" width="53" height="77"/>
	<SubTexture name="GUI-Kit-Pack-Free_44.png" x="678" y="936" width="54" height="77"/>
	<SubTexture name="GUI-Kit-Pack-Free_45.png" x="624" y="990" width="54" height="77"/>
	<SubTexture name="GUI-Kit-Pack-Free_46.png" x="682" y="669" width="53" height="77"/>
	<SubTexture name="GUI-Kit-Pack-Free_47.png" x="680" y="775" width="53" height="77"/>
	<SubTexture name="GUI-Kit-Pack-Free_48.png" x="701" y="403" width="53" height="77"/>
	<SubTexture name="GUI-Kit-Pack-Free_49.png" x="624" y="403" width="77" height="54"/>
	<SubTexture name="GUI-Kit-Pack-Free_50.png" x="624" y="510" width="77" height="53"/>
	<SubTexture name="GUI-Kit-Pack-Free_51.png" x="513" y="1069" width="512" height="5"/>
	<SubTexture name="GUI-Kit-Pack-Free_52.png" x="0" y="1069" width="513" height="5"/>
	<SubTexture name="GUI-Kit-Pack-Free_53.png" x="624" y="457" width="77" height="53"/>
	<SubTexture name="GUI-Kit-Pack-Free_54.png" x="624" y="84" width="273" height="55"/>
	<SubTexture name="GUI-Kit-Pack-Free_55.png" x="768" y="999" width="11" height="55"/>
	<SubTexture name="GUI-Kit-Pack-Free_56.png" x="735" y="658" width="35" height="55"/>
	<SubTexture name="GUI-Kit-Pack-Free_57.png" x="769" y="713" width="11" height="55"/>
	<SubTexture name="GUI-Kit-Pack-Free_58.png" x="624" y="336" width="142" height="67"/>
	<SubTexture name="GUI-Kit-Pack-Free_59.png" x="624" y="0" width="351" height="84"/>
	<SubTexture name="GUI-Kit-Pack-Free_60.png" x="624" y="563" width="77" height="53"/>
	<SubTexture name="GUI-Kit-Pack-Free_61.png" x="0" y="154" width="624" height="291"/>
	<SubTexture name="GUI-Kit-Pack-Free_62.png" x="0" y="77" width="624" height="77"/>
	<SubTexture name="GUI-Kit-Pack-Free_63.png" x="0" y="0" width="624" height="77"/>
</TextureAtlas>